{"cameraMode":{"drawMode":0,"name":"Shaded","section":"Shading Mode"},"sceneLighting":false,"audioPlay":false,"sceneViewState":{"showFog":true,"showMaterialUpdate":false,"showSkybox":true,"showFlares":true,"showImageEffects":true,"showParticleSystems":true},"in2DMode":false,"pivot":{"x":0.2964094877243042,"y":-0.11316338181495667,"z":-0.28368133306503298},"rotation":{"x":-0.05397290736436844,"y":-0.005991320591419935,"z":0.0003237461787648499,"w":-0.9985244274139404},"size":3.697932720184326,"orthographic":false}